time,flux
0,0.9990171126823735
1,0.9966509200484681
2,0.9945026302502707
3,0.995753918081692
4,1.0040687769326424
5,0.9892893279436115
6,0.999616439010883
7,1.001686090000593
8,1.0032288880289473
9,0.9979414872357302
10,1.0055317114437787
11,1.0004073236540287
12,0.9969884207390052
13,1.0035308698761665
14,1.0002323703466316
15,0.9974719433497933
16,1.0036457794501366
17,0.9970189579949645
18,1.0052779130351421
19,1.0051643856032952
20,1.0017687730757971
21,1.0005910785233103
22,0.9997002580318339
23,0.9987235407445235
24,1.000276517892394
25,1.010708258622081
26,1.0004447798041016
27,1.0057866810848677
28,0.9970412464411383
29,1.0001486018809052
30,0.999306924678973
31,0.9973361827263733
32,0.9944871226940419
33,0.9922281486345128
34,0.9968760700875329
35,0.9911011027974367
36,1.002385537308243
37,1.0075250742813178
38,1.0056336887581694
39,0.9973783896554741
40,1.0033318081187232
41,1.0074547138998395
42,0.9960330500709113
43,0.987712853106718
44,1.0052015256440883
45,0.9897048996352612
46,1.0024193014650171
47,1.0041844951644763
48,1.009122786649612
49,0.9959997131189876
50,0.994942163700527
51,0.9913070505553823
52,0.9960407705943806
53,1.0009369835547484
54,1.0043832482344222
55,0.9913152696734491
56,0.9927462142615641
57,1.0002093966009842
58,1.0016059480441413
59,1.0020993080982892
60,1.0104343816165924
61,1.0019063569256412
62,1.0028942393605464
63,0.9925351894187472
64,0.9999810548358963
65,0.9985602323340015
66,0.9944868499148095
67,1.007653889031105
68,0.9994338575369102
69,1.0078755638649202
70,1.0049722330163702
71,1.000236037146404
72,0.9872165552471823
73,1.0046662593562625
74,0.9994978233091398
75,1.0046581833537747
76,1.004651531121147
77,0.9974824526586286
78,1.0074303840355978
79,0.9927719285727759
80,0.9999091764925062
81,1.0025218024283264
82,1.00174577996749
83,0.9981295791864115
84,0.9977629579793228
85,1.0050047443163845
86,0.9935424937701242
87,1.0057250480695545
88,1.0046619001242514
89,0.9983801574377626
90,1.0083252939431535
91,1.0051420762872356
92,1.0068196893773165
93,1.0045964166194206
94,0.997714659050765
95,1.0035830705034456
96,0.9995238755656569
97,1.003198608935283
98,1.0046212489723776
99,1.0007332244374374
100,1.0130671195293692
101,0.9939122207516501
102,0.9963964829734043
103,1.0027564789813697
104,1.0016022480548843
105,1.0007831895007595
106,0.9982186921751018
107,0.9976929966838332
108,0.9958762843730251
109,0.9972701602294644
110,0.9954211692266515
111,1.0033567331650233
112,1.000754138971376
113,1.0003036967009225
114,1.0010764911325833
115,1.0018288979892793
116,0.9932665333119325
117,1.0016586057074799
118,0.9998593865540999
119,0.9967079432446093
120,1.0092166660157873
121,0.9968867088364298
122,1.0023026657186858
123,1.0006790859564945
124,1.0023433527978605
125,0.9938398729672921
126,0.9993647933156986
127,0.9955260530028018
128,1.0059414635647428
129,1.0012452090509352
130,0.9978619323117055
131,1.0029412737592627
132,0.9908581386902721
133,1.0011449621692798
134,0.9964020459468432
135,0.9945677700248305
136,0.9910815141837582
137,1.0024841087785856
138,0.9984489597274585
139,1.0033558967476233
140,1.006290255857219
141,1.00657158881683
142,0.9997771577461452
143,0.9982203525980287
144,0.9998173430324355
145,1.0023595224341975
146,0.9986766121174293
147,1.000053888720334
148,0.9974393293745539
149,1.0058538199712876
150,0.9929967620575327
151,0.9926944807391452
152,0.9975840459043572
153,0.9942525420973767
154,1.0096025254895722
155,0.9963820055025727
156,0.9973540769119074
157,0.9925692932265536
158,0.9979168749229739
159,0.9955785149918465
160,0.9976539616106811
161,1.001995376908547
162,1.0034520758253176
163,1.0037116919989673
164,0.9975641543471495
165,1.0004799608907686
166,1.0074440724554323
167,1.0128741440395446
168,0.9998767890315289
169,1.0036740827543156
170,0.9984751583792709
171,1.0034780979032192
172,1.0009248332966294
173,0.9982574254052032
174,1.0004656968742438
175,0.9997404175923734
176,1.013177054537511
177,1.0006627513596018
178,1.0040020916994559
179,0.9959853616029266
180,0.9978597428283071
181,1.00967209096772
182,1.0008760057199646
183,0.9880407447155624
184,1.0047932278784668
185,1.0069515339535702
186,1.0097092727646961
187,1.0076087566053324
188,0.9991457365133842
189,1.0022119543955088
190,0.9976348645728992
191,0.9921572306226276
192,1.001674840496134
193,0.9978388586623979
194,1.0088610605836759
195,0.989764144655135
196,1.0029926542835346
197,1.0083255548378454
198,0.9934675972306724
199,0.9962458777433634
200,0.9977050958125712
201,1.0035585633964441
202,1.0008380355543223
203,0.9970338601386626
204,1.0086581264766112
205,1.0010308220996489
206,1.0046291437191537
207,1.000479862076406
208,0.9957424356203936
209,1.0007617533231108
210,1.0013788134410389
211,0.995275792218488
212,1.0052894661487781
213,1.0033756844181239
214,0.999304870715029
215,0.9914085288302561
216,1.0035372598823518
217,1.0002419745963003
218,0.9933859443555179
219,1.0078925110663248
220,0.9911582478854273
221,0.9977711436146052
222,1.0029304305950486
223,1.011679304176973
224,0.9999384864782701
225,0.9911076833551625
226,0.9895826490789322
227,0.9992349000240737
228,0.9976016439590115
229,0.9969947820583918
230,1.0011810383436888
231,1.0057200602990357
232,1.0047185051771486
233,1.0053121275928647
234,0.9970961786849671
235,1.0028848783572488
236,0.9982021314716965
237,0.9963830429119651
238,1.0042495884764338
239,0.9989578504188498
240,0.9963677573147439
241,0.9912896705508485
242,0.9987660327863823
243,1.004082164503309
244,0.9971240346561097
245,1.0022328488143686
246,1.0016187091212392
247,0.9988330858124098
248,0.9973774357986374
249,0.9966579335576067
250,0.9985092847819473
251,0.9922448219447271
252,0.9970806865355235
253,0.9896937215349383
254,1.0037237070416605
255,0.9935807842546445
256,1.0041088103355602
257,0.99720264935998
258,0.9997996511381958
259,1.0084462993128314
260,0.9970259157463083
261,1.002048496186276
262,1.0009696376386337
263,0.9971135634907595
264,1.005144445181311
265,1.0005141249830873
266,0.9954492946138729
267,1.0038679668713364
268,0.9995089446124892
269,1.0005923894639912
270,1.001222051932995
271,1.0022444291207329
272,1.0008834200418477
273,0.9932900216849391
274,0.9993093771991264
275,0.9928332809579701
276,1.007231717581374
277,1.006243521948312
278,0.9989569447345562
279,1.0074238249176928
280,0.9910829577784839
281,1.0007398504295693
282,0.9951565240484054
283,0.9990154672476085
284,1.0063185543829445
285,1.0035295728162696
286,0.9980007883371707
287,1.0028868373509627
288,0.9977653391142243
289,0.9974206092088839
290,0.9853059476131153
291,0.9987301432719347
292,0.9931318167172111
293,0.9973513964741182
294,1.0005837074652135
295,1.000347881532149
296,0.9891417236318534
297,1.006715950780173
298,0.9990604539042406
299,1.0079490888722815
300,0.9953007057290593
301,1.0060999235420636
302,0.997442302098742
303,1.0000620706941483
304,1.001192087540308
305,0.9960149362013984
306,1.0022203728080155
307,1.0039462757249749
308,1.0078947046254125
309,1.000740462643452
310,1.0011964881144344
311,0.9992589778143603
312,0.9938992628995195
313,1.003617804469937
314,1.0053969995025576
315,0.9979141229213799
316,1.0025207975428878
317,1.0051674397480492
318,1.0055035471580667
319,1.0030600627344952
320,1.0069310477778617
321,1.00189913697045
322,1.0000028137574961
323,0.9883802263636594
324,0.9991010667949728
325,1.0067370264251143
326,0.9945879251507739
327,1.0089673469282516
328,0.9995811623967129
329,1.0011468436199127
330,0.9931868331399499
331,0.9978544295830368
332,0.992215152809957
333,1.0015187888222978
334,1.0038695143396388
335,0.9912578367652208
336,1.0011443415621146
337,1.0027886021694112
338,0.9923093389116473
339,1.000238848469066
340,0.9992714657100683
341,0.9980236137582755
342,0.9955068601048839
343,1.002922088311521
344,0.9977358392885641
345,1.00746283504895
346,0.9963609372823345
347,1.002311552292146
348,1.0027936940635689
349,0.9937025270751353
350,0.9989762198107691
351,0.9989772502764654
352,0.9996725613005913
353,1.0002230382854531
354,1.001646902846348
355,1.0054493132252993
356,0.9985284998522563
357,0.9983507050087335
358,0.9955924882875168
359,1.0116434277265798
360,0.9968282670359148
361,0.9880428928842667
362,1.0068663825274766
363,1.0104414027022992
364,1.0018065012606603
365,1.0008037517347732
366,1.0057856775033436
367,0.9973675734828944
368,0.9976201953637868
369,0.9892158042140489
370,0.993359278654632
371,0.9995065035239927
372,1.002570274752966
373,1.0047758199397094
374,0.9997049820072588
375,1.0015965275124281
376,0.9961025802247592
377,0.9988907350954737
378,0.9987657472546326
379,1.0047023482867576
380,1.0025885668677579
381,1.002933878185366
382,0.9997098345904532
383,0.9974658171908357
384,0.9945422562303173
385,0.9981170275687999
386,0.9976628608194877
387,1.0004993065896801
388,1.0078156752532665
389,0.9959660013627512
390,1.0081959784227672
391,0.9993093445291225
392,1.000406758393055
393,1.00003608253818
394,1.0013179651868314
395,1.0031091177883422
396,0.9969554925456472
397,0.9976205010062644
398,1.0005365007517668
399,1.0051592331387726
400,1.0021263791544996
401,1.0051499857024841
402,0.9985080203940103
403,1.001410501524382
404,1.0040320325959802
405,1.0093520592139118
406,1.0010268657968893
407,0.9987821110863485
408,0.9995915025765387
409,1.002264660696126
410,0.9956375132493442
411,1.002472594703843
412,1.0031508791977046
413,1.005725225160505
414,0.9990581526639846
415,0.9992355663297179
416,1.0059006014483254
417,1.0006911397108817
418,1.0025201687043443
419,0.9994509852249419
420,0.9948831387660024
421,0.9943857297027029
422,0.9932893983476954
423,1.0017291892718643
424,1.0003441980253542
425,1.0025718042211027
426,0.9971432441242571
427,0.9988796644710884
428,1.0049087400567418
429,0.9916907531151101
430,1.0109550872861703
431,0.9936566669022653
432,0.9992313203448259
433,1.0016051473056853
434,0.9950021421467794
435,0.9980863715753151
436,0.9959906637666098
437,1.0023556165834484
438,0.9952951073658325
439,1.0106416885922782
440,1.0021676725570272
441,1.0030868696775002
442,1.0003278964860436
443,1.004268216555325
444,0.9949481231841734
445,0.998272746163121
446,0.9999636219830376
447,0.9975164930401761
448,0.992130255775356
449,0.9964342308916025
450,0.9924855332767747
451,0.9971548224184652
452,1.002961231085051
453,1.0026939786972948
454,1.0069211806912977
455,1.0067454333057804
456,0.993490243074974
457,0.9999181779747984
458,1.0040568075612624
459,0.9974143003234451
460,1.002869141241758
461,1.0019859046458566
462,0.9949575262669687
463,1.0021245431721384
464,0.9908448307355872
465,0.9980540430766371
466,1.0076411237440623
467,0.995636874255521
468,1.0017853255056661
469,0.9996524027585546
470,1.011422959102173
471,1.005829678204854
472,0.9999259966074614
473,0.9963061239527738
474,1.0010897726329742
475,1.0057545932195233
476,0.9918556117242848
477,0.9911180114475564
478,1.0057880007162021
479,0.998992096978284
480,1.0036373162494752
481,0.9985856550606163
482,0.9849043417459291
483,0.9905373239284281
484,0.9983513555253626
485,0.9996036790429059
486,1.004057091718904
487,0.9995855331421027
488,1.0008837012560434
489,0.996791235686936
490,1.0045751148718949
491,1.0051172615964086
492,1.006300618443064
493,1.0014027677811088
494,1.0001787171864664
495,1.0012060355627772
496,1.0019134047072942
497,0.9996114360219635
498,0.9981231844164588
499,0.9943667500478347
500,1.004030610458129
501,0.9949573101727895
502,1.0075720302342583
503,1.0127529481782598
504,0.9997879907895547
505,0.9914859656372749
506,0.9999654787804202
507,1.003622972107255
508,1.003572474819581
509,1.0004595091052186
510,0.9961167168816951
511,0.990623292682793
512,1.0108829972164382
513,0.9989221276422995
514,0.9979576128129758
515,1.0022317490205312
516,1.009678720495452
517,1.003001262286616
518,1.009021596916882
519,1.0051441371803778
520,1.0030973994837302
521,0.9968898062007863
522,1.0150015591597992
523,0.9991846461585924
524,0.9942406799571154
525,0.9933686416899803
526,1.0050868115747054
527,0.99706820563135
528,1.0011875778553647
529,0.9947696853824457
530,0.9967848718878263
531,0.9932145954152797
532,1.0103996733486065
533,1.0014573628403947
534,0.9980975495215479
535,1.0082392174369612
536,0.9980689056922697
537,0.9977509108909723
538,0.9992549052158781
539,1.0016970273595631
540,1.0009973226289413
541,0.9926071555620275
542,0.999823334829229
543,1.0020042958446436
544,0.9970296141592621
545,1.0018114737866841
546,0.996819960028027
547,0.9940208710627411
548,0.9966674187896747
549,0.9972300654620947
550,1.0112612322290804
551,1.0007547730978819
552,0.9933869606934806
553,1.0029576219898335
554,0.9993263934373978
555,1.0031351677131626
556,0.9941114233552628
557,0.9943221601993245
558,0.9893087015069825
559,0.9934937924393641
560,0.9982101873569097
561,0.9994365850208059
562,0.9967168936311335
563,1.0039067840680023
564,0.9978617950379144
565,0.9985010951181704
566,1.0007600243704795
567,0.9992481075944608
568,1.0049376421762688
569,0.9983735159070124
570,0.9977524211714607
571,1.002069720569349
572,0.9963026154236457
573,1.0032761968147277
574,0.9999534149689725
575,0.9953934981560201
576,1.0051514095922558
577,1.0066604505618273
578,1.0131721932354387
579,1.0122818562035913
580,0.995662793224081
581,0.998675729567785
582,1.0016024206263994
583,0.9956132236350996
584,1.00609683700972
585,0.9987728699856402
586,0.9978081210195013
587,1.0039711526945931
588,1.0048627423489416
589,1.003639823935447
590,0.9996467198123345
591,0.9967169999593246
592,1.0049218583152142
593,0.9984159999934107
594,0.9967342287370662
595,0.9951733291479119
596,0.9973342329572059
597,0.9949918350195568
598,1.0010394523293336
599,1.0016570552657664
600,0.995559700206387
601,1.0096460097025763
602,1.0002800569957768
603,1.0019253354720563
604,1.0023183104733624
605,0.9984633780014652
606,0.9937282140110163
607,1.004963955329699
608,0.9841915138910043
609,0.9977983278135066
610,0.9970181128512238
611,0.9934220251719906
612,1.0010981461749062
613,0.9993538670041332
614,1.004932321573072
615,1.0105274011033578
616,0.9972261339661235
617,1.0086545708097696
618,1.0076935189740934
619,0.9982070722643367
620,1.007474368058653
621,0.9986355974501971
622,0.9916978105824948
623,1.002404898437375
624,1.0042194495207766
625,0.9992118689823477
626,0.9952250285245322
627,1.0002809127806038
628,1.0012598831226889
629,0.9921622777016617
630,1.0071983548293475
631,0.9957877036710684
632,1.0028421796857288
633,1.0017158917890836
634,0.9880682417957558
635,0.9973970917369603
636,1.0017918981899643
637,0.9998297057057339
638,1.0046902776261457
639,1.0028442097970947
640,1.000487152867697
641,0.9974801574118815
642,1.0050546249016798
643,0.9992896910890157
644,1.0027237242698324
645,1.0015120627032421
646,1.0064158535121188
647,0.9901696139373825
648,1.00329836503083
649,0.9988031138656748
650,1.0025865170239803
651,0.9986149764063333
652,1.0040466717134775
653,1.006625054059546
654,0.9972451583029308
655,0.9971766016742426
656,1.0015854186806414
657,0.9992378726829899
658,1.009134436629686
659,1.0022953930833365
660,1.0010507615193367
661,1.0048893967338157
662,0.9940073449513634
663,1.004158618501556
664,1.0037034378512395
665,0.9962965821575914
666,0.9985230613848189
667,0.9976793391436314
668,0.9939886873148563
669,0.9978296494559414
670,1.0002615694955097
671,0.9932913582459925
672,1.0049135237135756
673,0.9943360240687011
674,0.9992365101645649
675,1.0067702969307566
676,1.0003667827878326
677,1.0024851298115587
678,0.9999322443306349
679,1.0005790156962824
680,1.003238391098489
681,0.9887106532410463
682,1.0030124194875667
683,1.0040882618247515
684,0.9938831173175643
685,0.9967985652633691
686,0.9993103131576739
687,1.003152474807595
688,0.9940688332456551
689,1.0021844293533417
690,0.9925032980199546
691,1.0012107629168792
692,0.9939668365007663
693,0.9942624298897292
694,1.0049115780381537
695,1.0032201120825708
696,1.004283604326156
697,0.997504772460814
698,0.9943601789143363
699,0.9958867072395988
700,1.0064950077135946
701,0.9939481866399934
702,0.9892581881166244
703,0.9987889836419744
704,0.9951426054456616
705,1.0009371458234329
706,0.9977040292954418
707,1.006835826864154
708,1.0086706430339714
709,0.9966769818847248
710,0.9989850070284322
711,1.0044721246715873
712,1.0063622905439549
713,1.0004475806172934
714,1.0066741917873676
715,1.00221300856062
716,1.0011883352315352
717,0.9985176905689185
718,0.9912734092958029
719,1.0027419989042674
720,1.0031219483545462
721,0.9971306532029225
722,0.9988403526743632
723,0.991546639444207
724,1.004078503197285
725,0.999409399418675
726,1.0032237532536317
727,0.9989140055470888
728,0.9947090342250499
729,0.9930927983184362
730,1.0074691861656246
731,0.9982493512375
732,0.9984081528719013
733,1.0001304955765944
734,0.9958955125542145
735,1.003724760156463
736,1.0000690829217642
737,1.0053253334032177
738,1.0056475590845397
739,1.0012954395425906
740,1.0023413130409524
741,0.9963147405768193
742,1.004334682345913
743,1.0095919355391008
744,0.9988760469829561
745,0.995548667207854
746,0.9985383943957626
747,0.9923043122309079
748,1.0024940368178998
749,1.003495674068188
750,0.9888358743111797
751,1.0032493280986312
752,1.0027722904318421
753,1.006345199396342
754,0.9990936361584276
755,0.9902363546404175
756,0.9981864096779304
757,0.9985391940041912
758,0.9941741679417927
759,1.004144698800755
760,0.9937584807068859
761,1.0047523891668435
762,0.9992507648609645
763,0.9982110107481796
764,1.00439141997915
765,1.0020479332307766
766,1.0091602953813401
767,0.9893423558767369
768,1.0110457215896365
769,1.004704413282756
770,0.9961147221022838
771,1.0003636953210098
772,1.000036339103616
773,0.9945312938730639
774,0.9995829312027591
775,1.0038990620276955
776,0.9987075239043425
777,1.0040434820553534
778,1.0085398049161594
779,1.0014559780478238
780,0.9958113239291781
781,0.9995384443853192
782,1.0074495548451747
783,1.0102939276811933
784,0.9929832713682009
785,0.9997058805840753
786,0.9971243479230952
787,1.003017698798708
788,1.0066514623848124
789,1.005322813551605
790,0.9933137533223636
791,1.007220969734387
792,1.0066694109913212
793,1.0096139905779558
794,1.0117854279105156
795,0.9942357843582194
796,1.0067212750034595
797,1.0008636907059314
798,0.9977957884988963
799,1.005152013548976
800,0.9709988586928577
801,0.9696820950921993
802,0.9563126345820652
803,0.9792988519559411
804,0.9792309748485639
805,0.9732980595443432
806,0.9730052952081367
807,0.9690276272453361
808,0.9745964002351717
809,0.9673641210343037
810,0.9709952715291084
811,0.9709741287407327
812,0.9677805464370942
813,0.977557092188122
814,0.9739767773464494
815,0.9601181612647184
816,0.9695605088155449
817,0.9683938549195646
818,0.9641784831077995
819,0.9701093341212632
820,0.9715426078016622
821,0.9698644858953149
822,0.9767485150327633
823,0.9630569858279519
824,0.969913841524158
825,0.9671646289817699
826,0.9721600134855546
827,0.9697825477745969
828,0.9704888911635652
829,0.9759250257284944
830,0.9737581547142846
831,0.9664411510151073
832,0.9761036278623163
833,0.9776206510873093
834,0.9816487122673059
835,0.9567278848312734
836,0.964876616647405
837,0.9695106530334753
838,0.968082393408324
839,0.9647030078048409
840,0.9758157129735934
841,0.9790421136045888
842,0.9643598401549476
843,0.9700501848297176
844,0.9689177603724076
845,0.9664452118955124
846,0.9721381530756936
847,0.9702916912438984
848,0.9708010943183163
849,0.9821222094309663
850,0.9592455262686349
851,0.9776795738003319
852,0.974649575973078
853,0.9664198847251897
854,0.97199602336389
855,0.9739389507769125
856,0.9675526177743047
857,0.9764003020363634
858,0.9683617567960116
859,0.9753196617110444
860,0.982762142713665
861,0.9786782809435894
862,0.9714021269373663
863,0.9568996360886013
864,0.9717840080982751
865,0.9743698705594754
866,0.9723398939901582
867,0.9708112881636499
868,0.9680979963294856
869,0.9767651446118426
870,0.9713042510734771
871,0.9763762996544243
872,0.9752866234984365
873,0.9726450674816902
874,0.9660160876936132
875,0.9664302989340301
876,0.9731293896313495
877,0.9753706054481819
878,0.9710367815001828
879,0.9715554131864765
880,0.9817872966667855
881,0.9667635364866703
882,0.9592167652524936
883,0.973505345747222
884,0.9641290512484326
885,0.9649558787832696
886,0.9636114458794263
887,0.970007096671555
888,0.9688745333766586
889,0.9649421482555472
890,0.9699459564340701
891,0.9662802275946857
892,0.9701441156085122
893,0.9725772181204715
894,0.9740269898026865
895,0.9632999454799875
896,0.9626952200245963
897,0.9633608354282438
898,0.9687708113260863
899,0.9645537031673602
900,1.0034932496732587
901,1.002409885854717
902,1.0045947802230937
903,0.9973401786824103
904,0.9907147182445123
905,0.9921569649849055
906,0.996846444165893
907,0.995662574691578
908,1.0005617087471221
909,0.9995247283883242
910,0.9950636901696164
911,1.00222543575985
912,0.9968037435752353
913,0.9938101946470731
914,0.9972128476282048
915,1.003716526915479
916,0.9959836428067115
917,0.9885782858229893
918,0.9993846299977274
919,1.0011183084975812
920,0.9948624332946523
921,1.0001617683986226
922,0.9984964145576948
923,0.9963694577503932
924,1.0019667487234343
925,1.0055509171875392
926,1.0026692750632396
927,1.0022205065015504
928,0.9911295218909648
929,1.0013567920791113
930,1.0039500438550766
931,1.0025970447801138
932,1.0088884139622492
933,0.9952295873592748
934,0.9971974085835683
935,0.9984004682172792
936,0.9944520724237593
937,0.9883968615972208
938,1.009078233744439
939,1.00104921149334
940,1.0031655612552632
941,1.0011506607971248
942,0.9988666451386747
943,1.008811770406619
944,1.0055313953373348
945,0.9979294704213529
946,1.0006812017680777
947,0.9953597757923035
948,1.0057904589142264
949,1.0020391692167392
950,0.9959223616160388
951,0.9973471816407427
952,0.9975281204697224
953,1.000983379940664
954,1.0026114023415855
955,1.0057042044932982
956,1.0074230108226159
957,1.0044841311548205
958,0.9922970871099849
959,1.0025986611805975
960,1.0012962638172094
961,1.0051959189982265
962,0.9979516698881822
963,0.9974737731935643
964,1.012184276905477
965,0.9967870570381906
966,1.0014668127651893
967,0.9958045850790949
968,1.0036744424938873
969,1.008097183481623
970,1.0018225195299018
971,0.9986042339264861
972,1.0024527883045276
973,1.0000894809099445
974,1.001314548216585
975,0.9982125607771277
976,0.9974642919925817
977,1.003227717479853
978,1.008013524559163
979,0.999490390193276
980,0.9996206169464993
981,0.9988790435726826
982,0.9950743332387321
983,0.9971735969946939
984,0.9962814673307131
985,0.995651130876159
986,0.992977190720151
987,1.006521212060557
988,1.0067245662563877
989,0.9974137535702151
990,0.9915340785005172
991,1.0002106590699296
992,0.9954401990883791
993,0.9913512727569076
994,0.9906335472940413
995,1.006328252158261
996,0.9966175458640207
997,1.0056810871823447
998,1.0043806493182112
999,1.001855590346176
1000,1.007557289009435
1001,0.9944499061582937
1002,1.000403118235702
1003,0.9970619870643181
1004,0.9934420419234307
1005,0.993415634678298
1006,0.9978613080123214
1007,1.0007775511471846
1008,0.993526419804576
1009,1.003097322285418
1010,1.002129907474692
1011,0.9923205426691605
1012,0.9963622191059865
1013,1.00994313408484
1014,0.9966444317890109
1015,1.0049596238720384
1016,1.0009240170237332
1017,0.990126106082279
1018,1.0031603969891325
1019,1.002203367294003
1020,0.9941206008214739
1021,1.00249298474691
1022,1.005042398639499
1023,1.0014870247129253
1024,1.0036227769658979
1025,0.9999024057182669
1026,1.0059009567453971
1027,1.0000673952498698
1028,1.0076143339815185
1029,1.0083113695145383
1030,0.9991679760347739
1031,1.0059966373174738
1032,1.0052211676484126
1033,0.9907177902731907
1034,1.0025500323237968
1035,0.9994819751836843
1036,1.0000519225711493
1037,0.9986036075006839
1038,1.0041524550959844
1039,0.9991536934954864
1040,0.9979671714711603
1041,0.9939896920870107
1042,0.9992202878120838
1043,0.9974501842313381
1044,0.9940120239722394
1045,1.0052348804235405
1046,1.0032123012123677
1047,0.9951305853497034
1048,0.9988469683110768
1049,1.0059090752730186
1050,1.003212339791743
1051,0.9991096640299921
1052,1.0081201620326088
1053,1.0005846135116003
1054,1.0059882636576591
1055,1.0015393282488023
1056,1.005390687602273
1057,1.0028036666427338
1058,0.9997297891519998
1059,0.9987260575304804
1060,1.0036562510875862
1061,0.998973552263724
1062,0.9981521460628862
1063,1.003509006459005
1064,1.0067373745333295
1065,0.9992922338615887
1066,0.9961926210075849
1067,0.9996701445174783
1068,1.0028826319447335
1069,1.0020965472706085
1070,0.9981808675178155
1071,0.9989456629393296
1072,1.012873726930867
1073,1.0034523278749594
1074,1.0064143951568347
1075,0.999512344295691
1076,1.0003134223004546
1077,1.0003460535146287
1078,0.9984832782694698
1079,1.0064189403000858
1080,1.0003585416165828
1081,1.001679445944839
1082,1.0008268509759193
1083,1.0064702797036937
1084,1.002427137265311
1085,1.0028434062309592
1086,0.9921153706069776
1087,0.9923618832644838
1088,0.9967976320424554
1089,0.9940738949563213
1090,1.0111200743394284
1091,1.0049167786054487
1092,1.019938794076485
1093,0.9973588485014507
1094,0.9951395520849313
1095,0.9930065381370887
1096,0.9998599051988101
1097,0.9973779758324335
1098,0.9948422047953303
1099,0.9998902311453275
1100,1.0069655822997226
1101,0.9954613640643502
1102,0.9895952095914378
1103,0.9996222803835342
1104,1.0072488642663218
1105,1.00719719296145
1106,0.9990907465572549
1107,1.0053876560927015
1108,0.9970183608046613
1109,0.999825492205964
1110,0.9984811060543997
1111,1.001329227640334
1112,0.9979066572429116
1113,1.0012445188126573
1114,0.9978435741206593
1115,1.0062489171270999
1116,1.0015659236684595
1117,1.00745565783276
1118,1.0027147945238706
1119,1.0058117518721439
1120,0.9966051076299624
1121,1.0030096133376383
1122,0.9952470421858839
1123,1.001325444547523
1124,0.9918633509278837
1125,1.0018031796710158
1126,1.0005255109109537
1127,0.9969546237233669
1128,1.006217449495024
1129,1.008387344696372
1130,1.0022785543883854
1131,1.0125529621100602
1132,1.0062282251692698
1133,1.0033709659224528
1134,1.0065507066182677
1135,1.00892375972579
1136,1.0024579194460783
1137,0.9979300084036091
1138,0.9929214499820634
1139,1.002103303722016
1140,1.004276397811671
1141,1.0056062559566055
1142,1.0032936000313224
1143,0.997355198879522
1144,1.0061455193231987
1145,0.9981540546613228
1146,1.0019588747872785
1147,1.0010391107864467
1148,1.0017131992346413
1149,0.9951296249720489
1150,1.0012441501084626
1151,0.9973104037619205
1152,1.0020463618946474
1153,0.9952565682309521
1154,1.0062686015406688
1155,0.9942479611583688
1156,1.0010520779705847
1157,0.9934570200126938
1158,1.0020253051076955
1159,1.0019736286029075
1160,0.9996997817042699
1161,1.0045701777033174
1162,0.9966827175086118
1163,0.9975943951338897
1164,0.9974899779583758
1165,0.9991441397538053
1166,0.99771104990744
1167,0.9961296146280001
1168,1.0019963084403898
1169,1.0081468324453475
1170,1.013830200251138
1171,1.0089868981265662
1172,0.9964227416181731
1173,0.9946324272634858
1174,0.9962728329721072
1175,1.008755038797944
1176,1.0057875498548658
1177,0.9966575063838747
1178,0.9983909867881667
1179,0.9941303123965065
1180,1.0036227791002017
1181,1.0037932223572963
1182,1.0026821503156713
1183,0.9997338105342667
1184,1.0033498294410794
1185,1.0032943387092066
1186,0.9921984072568063
1187,0.9969782991352373
1188,0.9992744574838417
1189,1.0010080186241932
1190,0.9977134152461722
1191,0.9990494508845197
1192,1.0010792464108902
1193,0.9931576967796893
1194,0.9977924591398205
1195,0.9991263848762275
1196,1.0000233501153242
1197,0.9935391363898669
1198,0.9958048281208267
1199,0.9997915755939923
1200,0.9958989310319081
1201,0.9982811622247155
1202,1.0051685027986383
1203,0.995264610983037
1204,1.0040093548534943
1205,1.0075811846532468
1206,1.0059389401676608
1207,0.9934462120743696
1208,0.9934754296887015
1209,1.0017063011740452
1210,0.9999253795314652
1211,1.0036163020834348
1212,1.0080340398724132
1213,0.9949226959868024
1214,1.0127576589160168
1215,0.9940731019012017
1216,0.9979997719493782
1217,0.9943010725809166
1218,1.0025468382470533
1219,1.0052679185019278
1220,1.0084228150438383
1221,0.9949672723232883
1222,1.0089488421156076
1223,0.9956477630312126
1224,0.9989615248386988
1225,1.003067851379806
1226,0.995856340257253
1227,0.9909725099173171
1228,1.001877707241732
1229,1.0084522214261116
1230,0.9922533656435245
1231,0.9901294515101619
1232,0.9957666481891566
1233,0.9962057904272165
1234,0.9925939934249098
1235,0.9993569342717528
1236,1.001873345699671
1237,0.9996973585444907
1238,1.0078429441139356
1239,0.9973071774015789
1240,0.9954704469826134
1241,0.9989591285535884
1242,0.9961549293463335
1243,1.0075612463953503
1244,1.0023478945408477
1245,1.0038815756053778
1246,0.9972849760092009
1247,0.9997008061483004
1248,1.0083896541777881
1249,0.995199402394306
1250,0.9949732023744784
1251,0.9930429251125452
1252,0.9949593097396604
1253,1.0032701629511658
1254,1.0121394154029928
1255,1.0037039989431715
1256,0.9948264347952666
1257,0.9970269540715456
1258,1.00226423429012
1259,1.0001154346856937
1260,0.998498217530456
1261,1.006892176645057
1262,1.0013613928423972
1263,1.0056847154433313
1264,0.9977052436971799
1265,1.0032193713547577
1266,1.0030622685919595
1267,0.9973568566032842
1268,0.9981715324002238
1269,0.9977989644103846
1270,0.9986165747735288
1271,0.9970986663658551
1272,1.0045315763718496
1273,1.000820839518527
1274,0.9985369042136644
1275,0.9996067663473508
1276,1.0043183637826567
1277,1.004032134049755
1278,1.000967347854728
1279,0.9991358798294817
1280,1.0039634596764233
1281,0.9860569686538077
1282,1.0042075717614427
1283,1.0045336959113214
1284,1.00563324343104
1285,1.0030722089957693
1286,0.9973492638235649
1287,0.994484250279109
1288,1.006882749409108
1289,0.9980661003950939
1290,0.9987846858674391
1291,0.996852897801722
1292,0.9975171683204134
1293,0.9943529086274286
1294,1.0037260727595503
1295,1.0020545389812734
1296,0.9952266949265226
1297,1.0034539110226874
1298,1.0033322386234573
1299,0.99987533702384
1300,0.9977022903700021
1301,1.0123262806965057
1302,1.0064173941721528
1303,1.004344136367342
1304,1.00666386446208
1305,0.993056265285404
1306,0.9948650641971485
1307,0.9955791149760616
1308,0.9975145873570902
1309,0.9954913132423955
1310,1.0017401053305957
1311,0.9960599366317282
1312,1.0041436068618455
1313,1.0001407433710567
1314,1.0048430287724412
1315,1.0042501346751893
1316,0.994053952304279
1317,1.0042112543453598
1318,0.9993687312598366
1319,0.9977752338226891
1320,1.000705143755853
1321,0.9989433485383065
1322,0.9973633573934433
1323,1.001566670493774
1324,0.9995475792631863
1325,0.9913514519143032
1326,1.0049277270852293
1327,0.9998697798508288
1328,0.9944189203220903
1329,0.9975578723782764
1330,0.9947703316475682
1331,0.9989939628586545
1332,0.9956252049150902
1333,1.0063065161384794
1334,0.9943548552154019
1335,1.004515836564363
1336,0.9921202386007727
1337,1.0007233413511802
1338,1.0010672331587076
1339,0.9983899952259033
1340,1.0009503141043374
1341,1.0023358687895751
1342,0.9989532029362235
1343,1.0005688093819562
1344,0.9902635971275471
1345,0.9955663308569145
1346,0.997135900064413
1347,1.000593492899269
1348,1.0051226986603092
1349,1.0087893411121143
1350,1.0076323622422831
1351,1.0047903553272457
1352,1.0025209892254043
1353,1.0013661519071964
1354,0.9962312310770528
1355,0.9978619580490008
1356,0.9978630057336275
1357,1.000869546151988
1358,1.0027704241079525
1359,0.9960807327738683
1360,1.0001398048759285
1361,1.0110798238039642
1362,1.0052690916973348
1363,1.0074193473188593
1364,0.9935496383371233
1365,0.9928024466139954
1366,0.9992537685914635
1367,1.0077190558887867
1368,0.9945270619942731
1369,1.0062368809706204
1370,1.0012808223449217
1371,1.000560767650747
1372,1.0023471464103153
1373,0.9945529255188211
1374,0.9964489821798964
1375,1.0028732001149698
1376,0.9979279174902331
1377,0.9929791088818521
1378,1.0046292017786693
1379,1.002389895979453
1380,0.9887585117453322
1381,0.9980015163798514
1382,1.0072111701649966
1383,1.0016942016201595
1384,0.9994454581921939
1385,1.0028715921207925
1386,0.9977534251396151
1387,0.9930297027856911
1388,0.9958784515601617
1389,1.007236450108079
1390,1.003234963422312
1391,0.9985319146117304
1392,0.9959302892068983
1393,0.9948519784730956
1394,0.9985213810463575
1395,0.9993121406767961
1396,1.0007607335053568
1397,0.9998300488178683
1398,0.9969229345821146
1399,0.997640984199867
1400,1.0012774714481651
1401,0.9966424693638576
1402,0.9946172572104474
1403,0.9885001687323622
1404,0.9990869417855307
1405,1.0007927536381567
1406,1.0033745958379368
1407,0.9923366592051586
1408,0.9941698668586076
1409,0.9978419647709041
1410,1.0000696097465234
1411,1.002905877387624
1412,0.9942465137603769
1413,0.9995941184771262
1414,1.0041937374396217
1415,0.9961151859744178
1416,0.9998671422640689
1417,0.9986410966996231
1418,1.0001953709920843
1419,1.0050972751291642
1420,0.9923476517375235
1421,1.0038526306396371
1422,1.0069067770177205
1423,0.9932975446271214
1424,1.0020410437233385
1425,0.9904314300745075
1426,1.0085721834330048
1427,0.9930807728237945
1428,0.9835415761413843
1429,0.9994937685772389
1430,1.0072212682405652
1431,0.9934943849858496
1432,1.0072169311501546
1433,1.000112510983138
1434,0.9968918699673744
1435,0.9971118926996985
1436,0.995946376637277
1437,1.008416213931418
1438,1.0026649257047362
1439,0.997504801661837
1440,0.9913427132103328
1441,1.0007710425326495
1442,0.9945667499959071
1443,0.9988443288483754
1444,1.0000011708679166
1445,1.0051684867799329
1446,1.0050210947053781
1447,0.9990166218850794
1448,0.9954469705955872
1449,1.0056109527016444
1450,1.0041657788582543
1451,0.9938363397164387
1452,0.997168762826662
1453,1.0049564857338553
1454,0.9953388438282575
1455,0.9970738284195804
1456,1.00114020402442
1457,0.9993050485058941
1458,1.0091988086258696
1459,0.9977466569438115
1460,0.9980946925508173
1461,1.0046837179640138
1462,0.9937111933426581
1463,0.9971161997712593
1464,0.9949320146702118
1465,1.0054650281022728
1466,0.9955314638866618
1467,0.9994962630816067
1468,1.0030663387502872
1469,0.9995389062553219
1470,1.0009396588785375
1471,0.9930133016836867
1472,0.9986971821722793
1473,0.9965301997070601
1474,1.001777277204115
1475,1.0026214596399088
1476,1.0054123553910943
1477,0.9917107976094403
1478,1.013753045023147
1479,1.0007226952560708
1480,1.0002363035262525
1481,0.9955981861703336
1482,1.000486320606997
1483,1.0053032929778982
1484,0.9971348730247833
1485,0.9979689231867602
1486,0.9985871622815198
1487,1.004798047203666
1488,1.0052142824229782
1489,0.997600002075596
1490,0.9959317407121028
1491,0.9996086010753787
1492,1.0018864010421484
1493,0.9990070057087801
1494,0.9955366530115198
1495,1.0030442211591613
1496,1.0021308083962321
1497,1.003028752768255
1498,1.0003192901546887
1499,0.9971474330701818
1500,1.0037111019494978
1501,0.9957319407246985
1502,1.0044094993788575
1503,1.0076474593731657
1504,0.9925526076922817
1505,0.9934323894773978
1506,1.005259502770143
1507,1.0017240342306606
1508,1.004222442754376
1509,0.9966404574223061
1510,1.0011347763305243
1511,1.0000361954244201
1512,1.0002501331238636
1513,0.9929260545082247
1514,1.0023511387820068
1515,1.0007169536921479
1516,1.0054762222447327
1517,0.9952272748397528
1518,1.0000428704745508
1519,0.9990800498752266
1520,1.0027291522330943
1521,1.0025240216491058
1522,0.9966684724390876
1523,0.9970508873325922
1524,0.9901931752898923
1525,1.0090919751729104
1526,1.0020072542888425
1527,0.9974641345441339
1528,1.0041248459512253
1529,0.9949316969514991
1530,0.9980337755353643
1531,1.0046871541466498
1532,0.997324530314041
1533,0.990690316592758
1534,1.003700888264451
1535,1.0007394533767948
1536,0.9963994619482154
1537,0.9960913698227633
1538,1.0125258226629656
1539,0.9967912279658243
1540,1.0052923779259628
1541,1.0026016567965907
1542,0.9966968416473251
1543,1.001311510929424
1544,1.0079081329087023
1545,1.0031728502528396
1546,0.9948835974938819
1547,0.9989445338861617
1548,1.003268278037833
1549,1.002907094347944
1550,1.005748121911777
1551,0.9970844049706915
1552,1.0098745691711608
1553,0.9881081503155628
1554,0.9990334635817886
1555,0.9874291778266482
1556,0.9967643424848582
1557,0.9989371292006807
1558,0.996590704668344
1559,0.9897525218495329
1560,0.9974660353800486
1561,1.0037973137026692
1562,1.0006876794577535
1563,1.012593540000298
1564,1.0015851882144113
1565,0.9957931925639969
1566,0.9959398509788654
1567,1.0092258048598362
1568,1.0030476723226531
1569,1.0071445320775294
1570,1.0053425390841075
1571,0.9992594956901679
1572,1.001832744652061
1573,1.0000307377715703
1574,0.9971442868479735
1575,0.9980837053028138
1576,0.9995750407955075
1577,1.0030229929963987
1578,0.9991911238631099
1579,0.99077926228196
1580,1.0037251077457146
1581,1.0014612807524543
1582,0.9978700406081458
1583,0.9952462556303826
1584,1.0043684450288644
1585,0.9958509655213773
1586,1.0130528470509443
1587,0.9964096916979508
1588,1.001128029836167
1589,0.9972089861157356
1590,1.0084180106363974
1591,0.9994056789748123
1592,1.0057290887403991
1593,0.9969485555873887
1594,1.0010860572623337
1595,1.0095578340134133
1596,1.002937369898301
1597,0.9995194772089083
1598,0.9987385160524399
1599,0.9970919177089526
1600,0.998897014770432
1601,1.0017176405066546
1602,0.9942403312245649
1603,1.0059294520808681
1604,0.993652572816158
1605,0.9986717924451128
1606,0.9945753639379699
1607,0.9947740925231607
1608,0.9967979609045133
1609,0.9992736853150168
1610,1.004752984682074
1611,1.001022278011146
1612,0.9960516428565039
1613,1.0030953948239296
1614,0.9920454879180493
1615,1.002923179657668
1616,0.996061947804066
1617,0.9936531343230843
1618,1.000401285336319
1619,0.9990237830015649
1620,0.9999309551335113
1621,1.0017575081483034
1622,1.0118667040972604
1623,0.9985312437058282
1624,0.9984272253127263
1625,0.998535591610872
1626,0.9950296106108946
1627,1.0031967798544272
1628,0.9955856673772736
1629,0.9962266034250827
1630,0.9934726176660829
1631,0.9926993450609339
1632,0.9949571876739549
1633,0.9948161733456745
1634,1.008309400590774
1635,1.0048788696823265
1636,0.9979442595960754
1637,1.0124805801032175
1638,1.0004837973733773
1639,1.0081950311519452
1640,0.9967817434034748
1641,0.9965366474873422
1642,0.9989763969440733
1643,0.9983082137389668
1644,1.0002421367177174
1645,0.998582083281484
1646,0.9989328690755125
1647,1.0133876192407743
1648,0.9994680799404151
1649,0.9896594903804754
1650,0.9960016351938594
1651,1.0035026132991913
1652,1.0034206673062338
1653,0.9834231153497335
1654,0.9997921444574691
1655,1.00928779323211
1656,0.991546730324342
1657,0.9971105181992923
1658,0.9988677615122143
1659,1.0029408657898902
1660,1.0063644435210841
1661,1.0043947845597008
1662,0.9901176921311637
1663,0.9992456149822327
1664,1.0013278632116256
1665,1.0034630091917334
1666,0.9959214581754273
1667,1.0012658961701453
1668,0.9974270188806723
1669,0.9990364605723376
1670,0.9959104602302137
1671,1.0065490629206952
1672,0.9952856564594212
1673,1.000767387548003
1674,1.0020620061400634
1675,1.0001167088295149
1676,0.9921942021270945
1677,0.9983637272730326
1678,0.9968452695046612
1679,1.0075562978469763
1680,1.0093069961883356
1681,1.000093827963873
1682,0.9934450149246076
1683,0.9931583585530314
1684,0.9985042854584965
1685,0.9949231544218826
1686,1.0030808787881995
1687,0.9967640287526823
1688,1.0059897666994164
1689,0.9949105043151888
1690,1.000291869134754
1691,0.9944654719727657
1692,1.000755170194288
1693,1.005581214151584
1694,1.006633887909806
1695,1.0057482757723322
1696,1.0042055300955028
1697,1.0010829951956932
1698,1.0027812339185493
1699,0.9974162747973906
1700,1.0102608739599945
1701,1.0019476502542544
1702,0.9940168280676339
1703,1.0039334557440867
1704,0.998778568711535
1705,1.003156715174931
1706,1.0115093154739039
1707,0.997667771279767
1708,0.9995177246812474
1709,1.0060753600256642
1710,0.996338584360174
1711,0.9966010014252612
1712,0.99689636691538
1713,0.9973055468988606
1714,1.0015618294925144
1715,1.0065083276483142
1716,1.007593959684915
1717,1.0051083498193198
1718,0.9964047962470647
1719,0.9989138105981117
1720,0.9974074619655359
1721,0.9978292565831288
1722,1.0031319248960033
1723,0.9975574899835914
1724,1.0013535100668427
1725,0.9936759786999325
1726,1.0005290309790598
1727,1.0000208619139546
1728,0.9981573997918639
1729,0.9913631758646985
1730,0.9975131277728878
1731,0.9946317083430366
1732,0.9938788561983439
1733,0.9972885783950826
1734,0.9913511991893899
1735,0.9947606679972782
1736,0.9998493595185785
1737,0.9925592965753414
1738,0.9964125881226075
1739,1.0006511769271134
1740,0.9987441391280605
1741,1.0028816490391828
1742,0.9979271297457901
1743,0.9943129618036727
1744,1.0012732317221065
1745,1.0049082164952743
1746,0.9958954230861148
1747,0.9991315619926071
1748,1.0026713310247286
1749,0.9998139679465385
1750,1.009674402493275
1751,0.9974384542801503
1752,0.9963303954143279
1753,0.9963348243238449
1754,1.0008619487267711
1755,0.9944204792848379
1756,1.0035324411325117
1757,1.0067389877005175
1758,1.0051948771149957
1759,0.996427841458946
1760,1.0018300400609699
1761,1.0012564443551775
1762,0.9966773099078475
1763,0.9980453561034998
1764,0.9930493043482864
1765,1.0150644426021564
1766,1.0023004383997527
1767,0.9996669022533586
1768,0.9980878428358031
1769,1.0006368118375735
1770,0.9952920288205894
1771,0.9959202256955396
1772,1.0053044378647327
1773,1.0051061787976747
1774,0.9964322683756647
1775,0.9924726974224343
1776,1.0052935245694419
1777,0.9950014405385853
1778,1.0043962105019921
1779,1.004023918222298
1780,0.9997238083144611
1781,0.9947529652258895
1782,1.0002896176501437
1783,0.995246116571711
1784,0.9877312214271433
1785,0.9983438647571101
1786,0.9999753585280894
1787,1.0000344557355307
1788,1.002361508884381
1789,1.0074814764440772
1790,1.0000531381274336
1791,1.0015391035655727
1792,0.9936091140944534
1793,0.9983764404465958
1794,1.00081018469732
1795,1.0110043550830077
1796,0.9978899839459168
1797,1.0068902138953264
1798,1.0072589230952027
1799,0.9978596242586498
1800,0.9987710158750207
1801,1.000906096278121
1802,0.9985812516602033
1803,1.004873770573752
1804,0.9976981148400228
1805,0.9955571717845928
1806,1.002689089105227
1807,0.9956827685468638
1808,0.9897112225552627
1809,0.999130651294878
1810,0.9971758567980834
1811,1.0020428488181292
1812,0.9912279941292877
1813,1.0103433265612336
1814,1.0072744943358565
1815,0.9985630663950912
1816,0.9978579507392684
1817,1.0007373522187526
1818,0.9969205532136358
1819,1.0060134096490359
1820,0.999429881567288
1821,1.0043239551747905
1822,1.0019339593136896
1823,0.9972712486401353
1824,0.9925659842847594
1825,0.9951352375063597
1826,1.0039728111923294
1827,0.9973776106235391
1828,1.0021539626497171
1829,1.000770983228546
1830,0.9930106132284295
1831,0.9937904466902727
1832,1.0001033276420523
1833,1.0016449507462388
1834,0.9949330312796185
1835,0.998289404653195
1836,0.9927778864969058
1837,0.994547267911875
1838,0.9947376755610313
1839,0.993524182744648
1840,1.0051350936222359
1841,1.0025124739097098
1842,0.9961496728672967
1843,1.0035305866598985
1844,0.9936314963991778
1845,0.9909256228140869
1846,0.9965740182068235
1847,0.9988776964015128
1848,1.003994021729407
1849,0.9975525186443556
1850,0.997699268547665
1851,1.0039228553791248
1852,1.00290865417497
1853,0.9955514868570291
1854,1.0022747274311925
1855,0.9952207209071525
1856,1.00614892489507
1857,0.9997791229238582
1858,1.0006498922970746
1859,0.999916975619117
1860,1.0055197589299611
1861,1.0031832766256286
1862,0.9962158428642192
1863,0.9993816961818536
1864,1.0012013215432383
1865,1.0023549957506088
1866,1.006793102995456
1867,1.0076886150306263
1868,0.9962016024496029
1869,1.002363561383565
1870,1.0047721956476727
1871,0.9986013669152727
1872,1.0073271247474835
1873,0.9972241325913566
1874,0.9954842375849802
1875,1.000647614814901
1876,0.9933035045582254
1877,1.0029890177667726
1878,1.004521728340021
1879,0.9999842169804609
1880,0.9979347891392621
1881,0.9940463849401637
1882,1.0093689697185004
1883,0.9995419386654243
1884,1.000997736744929
1885,1.0075509942716285
1886,1.0027170156901153
1887,0.9944763802237413
1888,0.9928091762236448
1889,0.9998143573498012
1890,1.0045359733262862
1891,1.0035128760677312
1892,1.00516220327859
1893,1.0017548394907945
1894,0.9980213079209079
1895,1.0111486626906487
1896,1.0048758199335495
1897,1.009166343196414
1898,0.984858163404601
1899,0.9946009566482774
1900,0.9974943621386841
1901,1.0032475574288315
1902,0.9948182773735379
1903,1.0029078130362306
1904,0.9973399228550158
1905,1.0023046473259303
1906,1.0054105926230075
1907,0.999561925010755
1908,0.9971356035664867
1909,0.9926363888587741
1910,1.0070218490163716
1911,0.9914754950348226
1912,1.0016019378976027
1913,1.0033030608455853
1914,1.0053765891121988
1915,0.997878532953057
1916,0.9903010105892809
1917,1.0024996921649805
1918,0.9948303709479088
1919,0.9948548544724575
1920,0.9995555273355923
1921,0.9991137833509767
1922,0.992307207847521
1923,0.9942547410889565
1924,0.9984473217779153
1925,0.9978064663185708
1926,0.9986653196231727
1927,1.0037769112249129
1928,0.9997509443538884
1929,0.993011667170555
1930,1.006117731589164
1931,0.994507266727499
1932,1.0072649085908494
1933,1.0012758502146355
1934,0.9999998460377182
1935,1.0019194045256639
1936,0.9989904990385914
1937,1.0054371810388139
1938,1.0034402717341488
1939,1.0057056190534706
1940,1.0062627697160447
1941,0.9924103388340797
1942,0.9973716484523734
1943,0.9906245143946428
1944,0.9939750375836751
1945,1.0022323809672136
1946,0.993642978651361
1947,1.0000928150651973
1948,1.0005545200738006
1949,1.0121052957291403
1950,0.9887761714627453
1951,0.9905250481239285
1952,0.9940723304952964
1953,1.0038927934333635
1954,0.991974661501648
1955,0.9970880443462782
1956,0.9942433555510923
1957,0.9990274483988989
1958,1.0058532860124265
1959,0.9975807536001293
1960,0.9921430197446296
1961,0.9982849854898634
1962,0.9867348131781539
1963,0.9994292295280438
1964,0.998136439201156
1965,1.011660843707421
1966,1.0070481764278447
1967,1.0016378788754208
1968,1.0036945653945277
1969,1.0002186108555686
1970,0.9979483706810695
1971,1.0037207891646225
1972,0.9959617891515734
1973,0.9961615972609729
1974,1.0031779906300666
1975,0.9914602493047927
1976,1.0033905866111013
1977,1.0026951708413478
1978,1.0034871778489316
1979,0.9979236773267769
1980,1.0011944583907963
1981,1.0023788270920169
1982,1.0041169823417535
1983,1.0065855087598339
1984,1.0051713583719408
1985,0.9993959440791491
1986,1.0083506656768502
1987,0.993996234054563
1988,0.9986327223089667
1989,1.0002095704640859
1990,1.0010569246612075
1991,1.003695631026873
1992,1.006182602613271
1993,1.0006054644493783
1994,1.0023419969651999
1995,1.0001318702570532
1996,0.9924022622984039
1997,0.9959542084656978
1998,0.9951376909400019
1999,1.0029439181138151
